id;first_name;last_name;name;role;email;phone;extension;mobile;location;address_line_1;address_line_2;city;country;image;image_content_type
1;Filiberto;Upton;Administrator;ADMINISTRATOR;"pSc@Wfr.G0oi";1-752-549-2679 x54075;Principal;Personal;administration Buckinghamshire;applications Games;Center Tasty;East Austen;Georgia;../fake-data/blob/hipster.png;image/png
2;Marlen;Boyer;utilize Soft Grocery;REVIEWER;"3c6t;N@?hF2c].b";1-955-924-5663 x0403;Jewelery Land Strategist;South;Fantastic Multi-lateral Ergonomic;Manat;deposit;New Britain;Turks and Caicos Islands;../fake-data/blob/hipster.png;image/png
3;Dominique;Graham;hacking secured communities;DEVELOPER;"5xD@YGY.uZ]";(805) 525-6810;invoice Gorgeous fresh-thinking;Syrian;Yen;Analyst Licensed;Fresh withdrawal Colorado;Alexandreaborough;American Samoa;../fake-data/blob/hipster.png;image/png
4;Brain;Lowe;Pa'anga Clothing Louisiana;APPROVER;"z@.<v.tf}";769-688-8945;Mountain program;withdrawal input Peso;Plastic Future Configuration;index Maine;Hills Implementation;Buffalo Grove;Kenya;../fake-data/blob/hipster.png;image/png
5;Alejandra;Graham;Account;ARCHITECT;"Q`i@v.JMP`b";(318) 377-9912 x9580;Cotton users teal;Fields overriding enterprise;program;Intranet Future;Wooden Hungary;Hahnhaven;Puerto Rico;../fake-data/blob/hipster.png;image/png
6;Santa;Dare;Dale non-volatile Borders;SME;"GF\@<a.1O'c";1-946-934-6580;overriding Avon;bottom-line Borders Arkansas;standardization blue;panel interface;Soft channels networks;East Obieview;Saint Helena;../fake-data/blob/hipster.png;image/png
7;Chad;Bergnaum;SMTP 1080p;MANAGER;"GO&@;]K&w.$&qx11";763-334-8521;Personal mesh state;Customer;payment Multi-tiered;Networked Luxembourg;Designer;North Ebbaborough;Suriname;../fake-data/blob/hipster.png;image/png
8;Nora;Baumbach;deposit;OWNER;"NDG@+eL.$N";411.902.9263 x453;Metal;calculating Plastic;California;Salad Infrastructure SQL;strategy core;West Lexifurt;Croatia;../fake-data/blob/hipster.png;image/png
9;Bette;Schmidt;Generic Handcrafted yellow;TESTER;"5l|2@,F.7}.2+%";1-884-503-9865 x83142;revolutionary;Designer Auto;reboot Oman;Guarani matrix;Chicken Paradigm;Renton;Dominica;../fake-data/blob/hipster.png;image/png
10;Tina;VonRueden;Auto Car Cloned;MANAGER;"T;@q.5";1-593-398-2975;e-commerce Berkshire Latvian;collaboration;Berkshire Sleek invoice;virtual;Agent Money Rubber;Lake Genesiston;Gabon;../fake-data/blob/hipster.png;image/png
