id;name;detail;table_count;table_rel_count;creation_date;last_updated
1;Summit teal;Investor Dynamic Buckinghamshire;97650;89602;2021-08-17T20:21:17;2021-08-17T06:44:27
2;invoice;withdrawal Table;60856;49450;2021-08-17T04:31:03;2021-08-17T13:59:22
3;Investment North;payment e-business Profound;22183;28427;2021-08-17T15:11:52;2021-08-17T09:41:32
4;Vermont;Fantastic Fish;41630;3513;2021-08-17T07:39:22;2021-08-17T20:33:13
5;Portugal Gloves;Mouse Central Music;59796;30235;2021-08-17T00:05:57;2021-08-17T17:20:00
6;yellow;Fish FTP;42137;98508;2021-08-17T22:27:00;2021-08-17T23:10:45
7;Rwanda;bandwidth;29688;98786;2021-08-17T04:29:55;2021-08-17T10:32:13
8;Toys copying;deposit;80244;79368;2021-08-17T09:37:33;2021-08-17T16:33:33
9;Car online;Hawaii Buckinghamshire;3183;41459;2021-08-17T11:14:41;2021-08-17T03:17:36
10;Creative;South Account enhance;61247;74631;2021-08-17T21:53:28;2021-08-17T16:20:38
