id;source;target;creation_date;last_updated
1;connect;back-end;2021-08-17T12:46:51;2021-08-17T14:50:37
2;Dalasi Yuan;Intelligent;2021-08-17T19:07:07;2021-08-17T22:23:13
3;District;navigate;2021-08-17T08:52:21;2021-08-17T21:24:38
4;Chair monitoring olive;array;2021-08-17T05:37:00;2021-08-17T00:10:49
5;Tenge Kenya;Borders systems;2021-08-17T06:52:22;2021-08-17T06:21:42
6;digital;withdrawal Trafficway;2021-08-17T06:05:25;2021-08-17T17:55:39
7;RSS;Bike alarm programming;2021-08-17T15:40:28;2021-08-17T10:57:09
8;web-enabled Global multi-byte;deposit Metal;2021-08-17T01:20:41;2021-08-17T23:34:44
9;connecting;Tobago sensor Electronics;2021-08-17T11:01:21;2021-08-17T15:43:22
10;Automated Inlet;Berkshire Outdoors;2021-08-17T22:39:44;2021-08-17T13:00:03
