id;field_name;field_type;field_size;creation_date;last_updated
1;Account AGP Connecticut;throughput interfaces Soft;85548;2021-08-17T22:44:54;2021-08-17T02:32:13
2;navigating Harbors;Plastic knowledge Buckinghamshire;92868;2021-08-17T13:51:14;2021-08-17T22:33:20
3;embrace indexing;interface;63622;2021-08-17T20:59:26;2021-08-17T21:50:30
4;Future-proofed Washington;Tennessee;56057;2021-08-17T23:26:04;2021-08-17T06:15:59
5;clicks-and-mortar;SMTP front-end niches;92289;2021-08-16T23:49:11;2021-08-16T23:42:26
6;Central;Buckinghamshire attitude Dynamic;43816;2021-08-17T10:12:03;2021-08-17T00:39:38
7;Dobra Plains Kyrgyz;Road Executive Sports;80072;2021-08-17T02:13:01;2021-08-17T10:42:00
8;Soft Glen Intuitive;Rubber Gloves SSL;36684;2021-08-17T14:08:37;2021-08-17T19:34:43
9;drive;Lead;13879;2021-08-17T08:31:54;2021-08-17T12:47:56
10;Tasty black Ireland;EXE;34211;2021-08-17T03:32:38;2021-08-17T21:39:39
