id;source;target;source_key;target_key;creation_date;last_updated
1;throughput;Washington ADP Representative;Global Home Connecticut;deposit virtual Small;2021-08-17T02:21:53;2021-08-17T02:37:56
2;turn-key Salad technologies;Senior;Borders Metal;Lakes monitor;2021-08-17T16:40:04;2021-08-17T16:14:37
3;compress;Nebraska microchip bandwidth;compressing;Buckinghamshire South;2021-08-17T18:12:36;2021-08-17T06:00:17
4;Borders invoice;rich state Tactics;policy Silver Mandatory;parallelism grid-enabled calculating;2021-08-17T18:34:21;2021-08-17T09:04:07
5;front-end Intranet;Multi-lateral Horizontal;Nevada blockchains Burg;exuding;2021-08-17T22:03:18;2021-08-17T20:18:27
6;cross-platform Cheese;Intranet Cheese Toys;leading-edge bluetooth Arizona;Trail;2021-08-17T06:40:48;2021-08-17T04:21:13
7;Pound Sausages Djibouti;Customer Island Agent;Chicken payment primary;expedite;2021-08-17T02:50:04;2021-08-17T23:18:40
8;Interactions;National;visualize encompassing;compress Massachusetts;2021-08-17T19:01:00;2021-08-17T04:15:04
9;RSS repurpose mobile;Metal synergies;matrix Regional;Baby;2021-08-17T18:58:36;2021-08-17T12:00:39
10;mobile copying;indexing;parsing;SCSI;2021-08-17T21:06:59;2021-08-17T12:39:47
